,Opp_ba
0,0.3157894736842105
1,0.3783783783783784
2,0.40540540540540543
3,0.0
4,0.0
5,0.0
6,0.0
7,0.0
8,0.0
9,0.0
10,0.0
11,0.0
14,0.4722222222222222
15,0.0
16,0.0
17,0.0
20,0.3488372093023256
21,0.0
22,0.0
23,0.0
24,0.0
25,0.4318181818181818
26,0.16129032258064516
27,0.34285714285714286
28,0.0
29,0.0
30,0.0
31,0.26666666666666666
32,0.13333333333333333
33,0.14285714285714285
34,0.03571428571428571
35,0.07407407407407407
36,0.2972972972972973
37,0.10714285714285714
38,0.4594594594594595
39,0.21875
40,0.0
41,0.0
42,0.0
43,0.0
44,0.0
45,0.0
46,0.0
47,0.0
48,0.0
49,0.0
50,0.3023255813953488
51,0.26666666666666666
52,0.2647058823529412
53,0.3548387096774194
54,0.2777777777777778
55,0.35
56,0.24
57,0.13333333333333333
58,0.24242424242424243
59,0.43478260869565216
60,0.0
61,0.0
62,0.0
63,0.0
64,0.0
65,0.0
66,0.0
67,0.3611111111111111
68,0.47368421052631576
69,0.3
70,0.16666666666666666
71,0.13333333333333333
72,0.25
73,0.0
74,0.0
75,0.0
76,0.0
77,0.3157894736842105
78,0.25
79,0.26666666666666666
80,0.0
81,0.0
82,0.0
83,0.14285714285714285
84,0.3225806451612903
85,0.41379310344827586
86,0.0
87,0.0
88,0.0
89,0.0
90,0.0
91,0.0
92,0.21212121212121213
93,0.21875
94,0.07142857142857142
95,0.36666666666666664
96,0.17857142857142858
97,0.38235294117647056
98,0.1724137931034483
99,0.2571428571428571
100,0.1724137931034483
101,0.25925925925925924
102,0.2413793103448276
103,0.32142857142857145
104,0.24242424242424243
105,0.34285714285714286
106,0.375
107,0.23333333333333334
108,0.1724137931034483
109,0.2903225806451613
110,0.2647058823529412
111,0.2
112,0.27586206896551724
113,0.22580645161290322
114,0.13793103448275862
115,0.25806451612903225
116,0.4444444444444444
117,0.3125
118,0.23076923076923078
119,0.0
120,0.0
121,0.0
122,0.24242424242424243
123,0.32432432432432434
124,0.24242424242424243
125,0.21212121212121213
126,0.2857142857142857
127,0.3235294117647059
128,0.2647058823529412
129,0.2647058823529412
130,0.13333333333333333
131,0.22580645161290322
132,0.0
133,0.0
134,0.0
135,0.48717948717948717
136,0.21875
137,0.36363636363636365
138,0.45
139,0.25806451612903225
140,0.36666666666666664
141,0.0
142,0.0
143,0.0
144,0.0
145,0.0
146,0.0
147,0.0
148,0.0
149,0.0
150,0.36363636363636365
151,0.2571428571428571
152,0.32432432432432434
153,0.3442622950819672
154,0.0
155,0.0
156,0.0
157,0.3142857142857143
158,0.3125
159,0.16129032258064516
160,0.16129032258064516
161,0.34375
162,0.1875
163,0.2647058823529412
164,0.3870967741935484
165,0.29411764705882354
166,0.0
167,0.0
168,0.0
169,0.0
170,0.0
171,0.0
172,0.0
173,0.0
174,0.0
175,0.0
176,0.0
177,0.0
178,0.0
179,0.43902439024390244
180,0.20689655172413793
181,0.4166666666666667
182,0.0
183,0.0
184,0.0
185,0.2
186,0.2413793103448276
187,0.3055555555555556
188,0.0
189,0.0
190,0.0
191,0.34375
192,0.4
193,0.40625
194,0.24242424242424243
195,0.38235294117647056
196,0.5121951219512195
197,0.4
198,0.17857142857142858
199,0.18181818181818182
200,0.38095238095238093
201,0.13333333333333333
202,0.0
203,0.0
204,0.0
205,0.0
206,0.0
207,0.0
208,0.0
209,0.0
210,0.23529411764705882
211,0.2
212,0.13333333333333333
213,0.23333333333333334
214,0.1935483870967742
215,0.2647058823529412
216,0.16129032258064516
217,0.23529411764705882
218,0.22580645161290322
219,0.0
220,0.0
221,0.0
222,0.2571428571428571
223,0.3902439024390244
224,0.16666666666666666
225,0.13333333333333333
226,0.38235294117647056
227,0.38235294117647056
228,0.3870967741935484
229,0.0
230,0.0
231,0.0
232,0.12903225806451613
233,0.3333333333333333
234,0.0
235,0.38095238095238093
236,0.2727272727272727
237,0.375
238,0.1
239,0.4594594594594595
240,0.2571428571428571
241,0.29411764705882354
242,0.2903225806451613
243,0.30303030303030304
244,0.375
245,0.0
246,0.0
247,0.0
248,0.28125
249,0.07692307692307693
250,0.36363636363636365
251,0.1935483870967742
252,0.0
253,0.0
254,0.0
255,0.34375
256,0.35135135135135137
257,0.3611111111111111
258,0.25
259,0.22580645161290322
260,0.27586206896551724
261,0.0
262,0.0
263,0.0
264,0.29411764705882354
265,0.4117647058823529
266,0.30303030303030304
267,0.2
268,0.16666666666666666
269,0.3
270,0.16129032258064516
271,0.2571428571428571
272,0.24242424242424243
273,0.12903225806451613
274,0.3333333333333333
275,0.47058823529411764
276,0.1935483870967742
277,0.0
278,0.0
279,0.0
280,0.0
281,0.0
282,0.0
283,0.3225806451612903
284,0.20689655172413793
287,0.0
288,0.0
289,0.34210526315789475
290,0.32558139534883723
291,0.45161290322580644
292,0.0
293,0.0
294,0.0
295,0.0
296,0.0
297,0.0
298,0.0
299,0.0
300,0.0
301,0.0
302,0.0
303,0.0
304,0.0
305,0.2647058823529412
306,0.16129032258064516
307,0.13793103448275862
308,0.22857142857142856
309,0.2647058823529412
310,0.15625
311,0.3333333333333333
312,0.2903225806451613
313,0.5
314,0.0
315,0.0
316,0.0
317,0.0
318,0.0
319,0.0
320,0.0
321,0.2727272727272727
322,0.2553191489361702
323,0.2647058823529412
324,0.4444444444444444
325,0.32432432432432434
326,0.2631578947368421
327,0.3548387096774194
328,0.3333333333333333
329,0.2972972972972973
330,0.0
331,0.0
332,0.0
333,0.21212121212121213
334,0.16666666666666666
335,0.13793103448275862
336,0.0
337,0.0
338,0.0
339,0.0
340,0.0
341,0.0
342,0.0
343,0.0
344,0.0
345,0.0
346,0.0
347,0.0
350,0.3333333333333333
351,0.2727272727272727
352,0.17857142857142858
353,0.24390243902439024
354,0.25
355,0.22857142857142856
356,0.24324324324324326
357,0.10344827586206896
358,0.2777777777777778
359,0.23333333333333334
360,0.2413793103448276
361,0.3548387096774194
362,0.0
365,0.0
366,0.3235294117647059
367,0.14285714285714285
368,0.2857142857142857
369,0.23333333333333334
370,0.2857142857142857
371,0.2647058823529412
372,0.2647058823529412
375,0.3125
376,0.3333333333333333
377,0.425
378,0.16666666666666666
379,0.42105263157894735
380,0.3225806451612903
381,0.25806451612903225
382,0.15625
383,0.23333333333333334
384,0.16129032258064516
385,0.16666666666666666
386,0.1724137931034483
387,0.2727272727272727
388,0.2727272727272727
389,0.21212121212121213
390,0.3055555555555556
391,0.25
392,0.46875
393,0.0
394,0.0
395,0.0
396,0.0
397,0.0
398,0.0
399,0.22580645161290322
400,0.21212121212121213
401,0.1724137931034483
402,0.0
403,0.0
404,0.0
405,0.0
406,0.2571428571428571
407,0.3939393939393939
408,0.4444444444444444
409,0.375
410,0.3125
411,0.4473684210526316
412,0.0
413,0.0
414,0.30303030303030304
415,0.25806451612903225
416,0.2571428571428571
417,0.3333333333333333
418,0.1935483870967742
419,0.4166666666666667
420,0.34210526315789475
421,0.2777777777777778
422,0.1724137931034483
423,0.43243243243243246
424,0.1935483870967742
425,0.3235294117647059
426,0.16129032258064516
427,0.4186046511627907
428,0.2571428571428571
429,0.23684210526315788
430,0.0
431,0.0
432,0.0
433,0.2
434,0.16666666666666666
435,0.10714285714285714
436,0.14285714285714285
437,0.0
438,0.0
439,0.0
440,0.0
441,0.0
442,0.0
443,0.3611111111111111
444,0.3684210526315789
445,0.14285714285714285
446,0.1875
447,0.20689655172413793
448,0.2972972972972973
449,0.17857142857142858
450,0.2903225806451613
451,0.21212121212121213
452,0.0
455,0.0
456,0.0
457,0.0
458,0.0
459,0.0
460,0.0
461,0.0
462,0.0
463,0.0
464,0.2972972972972973
465,0.14285714285714285
466,0.16666666666666666
467,0.16666666666666666
468,0.20689655172413793
469,0.06896551724137931
470,0.0
471,0.0
472,0.0
473,0.28125
474,0.25
475,0.32432432432432434
476,0.24242424242424243
477,0.3103448275862069
478,0.47058823529411764
479,0.4411764705882353
480,0.0
481,0.0
482,0.0
483,0.0
484,0.0
485,0.0
486,0.0
487,0.0
488,0.0
489,0.0
490,0.0
491,0.0
492,0.0
493,0.0
494,0.0
495,0.3142857142857143
496,0.23333333333333334
497,0.16666666666666666
498,0.21875
499,0.16129032258064516
500,0.25
501,0.32142857142857145
502,0.1875
503,0.3055555555555556
504,0.2647058823529412
505,0.26666666666666666
506,0.3673469387755102
507,0.0
508,0.0
509,0.0
510,0.0
511,0.0
512,0.0
513,0.0
514,0.0
515,0.0
516,0.0
517,0.0
518,0.0
519,0.0
520,0.34285714285714286
521,0.375
522,0.2
523,0.23333333333333334
524,0.2
525,0.2647058823529412
526,0.3870967741935484
527,0.20689655172413793
528,0.21212121212121213
529,0.2
530,0.2777777777777778
531,0.34285714285714286
532,0.0
533,0.0
534,0.0
535,0.2972972972972973
536,0.48717948717948717
537,0.2413793103448276
538,0.16129032258064516
539,0.0
540,0.0
541,0.0
542,0.28125
543,0.2727272727272727
544,0.1935483870967742
545,0.4117647058823529
546,0.0
547,0.0
548,0.0
549,0.42857142857142855
550,0.38235294117647056
551,0.03571428571428571
552,0.23529411764705882
553,0.07407407407407407
554,0.35294117647058826
555,0.375
556,0.2727272727272727
557,0.0
558,0.0
559,0.0
560,0.0
561,0.30303030303030304
562,0.35
563,0.2647058823529412
564,0.10344827586206896
565,0.15625
566,0.13333333333333333
567,0.0
568,0.0
569,0.0
570,0.3888888888888889
571,0.35294117647058826
572,0.30303030303030304
573,0.2857142857142857
574,0.29411764705882354
575,0.24242424242424243
576,0.14814814814814814
577,0.0
578,0.0
579,0.0
580,0.2857142857142857
581,0.26666666666666666
582,0.22580645161290322
583,0.3235294117647059
584,0.1875
585,0.2571428571428571
586,0.15625
587,0.23529411764705882
588,0.3611111111111111
589,0.28125
590,0.25
591,0.3793103448275862
592,0.4594594594594595
593,0.15625
594,0.3333333333333333
595,0.4358974358974359
596,0.28125
597,0.25806451612903225
598,0.3142857142857143
599,0.20689655172413793
600,0.39473684210526316
601,0.24242424242424243
602,0.3611111111111111
603,0.34285714285714286
604,0.0
605,0.0
606,0.0
607,0.2894736842105263
608,0.16666666666666666
609,0.3783783783783784
610,0.20588235294117646
611,0.2972972972972973
612,0.18181818181818182
613,0.0
614,0.0
615,0.0
616,0.35294117647058826
619,0.0
620,0.0
621,0.0
622,0.0
623,0.0
624,0.0
625,0.0
626,0.0
627,0.0
628,0.0
629,0.0
630,0.0
631,0.0
632,0.0
633,0.0
634,0.0
635,0.22857142857142856
636,0.32432432432432434
637,0.35294117647058826
638,0.22580645161290322
639,0.25
640,0.1875
641,0.25806451612903225
642,0.0
643,0.0
644,0.0
645,0.37037037037037035
646,0.3157894736842105
647,0.325
648,0.3333333333333333
649,0.36363636363636365
650,0.19230769230769232
651,0.1724137931034483
652,0.23076923076923078
653,0.2903225806451613
654,0.2727272727272727
655,0.0
656,0.0
657,0.0
658,0.0
659,0.0
660,0.0
661,0.0
662,0.21875
663,0.1875
664,0.0
665,0.0
666,0.0
667,0.0
668,0.0
669,0.0
670,0.0
671,0.0
672,0.0
673,0.0
674,0.0
675,0.0
676,0.0
677,0.0
678,0.0
679,0.0
682,0.21428571428571427
683,0.3333333333333333
684,0.2413793103448276
685,0.21875
686,0.3939393939393939
687,0.29411764705882354
690,0.4
691,0.3055555555555556
692,0.3055555555555556
693,0.3611111111111111
694,0.3125
695,0.36363636363636365
696,0.2702702702702703
697,0.3888888888888889
698,0.12903225806451613
699,0.3333333333333333
700,0.22580645161290322
701,0.22580645161290322
702,0.13793103448275862
703,0.2903225806451613
704,0.0
705,0.0
706,0.0
707,0.36363636363636365
708,0.36666666666666664
709,0.18181818181818182
710,0.3333333333333333
711,0.3783783783783784
712,0.24242424242424243
713,0.3142857142857143
714,0.14285714285714285
715,0.26666666666666666
716,0.0
717,0.0
718,0.0
719,0.0
720,0.0
721,0.0
722,0.0
723,0.10344827586206896
724,0.15625
725,0.25
726,0.0
727,0.0
728,0.0
729,0.0
730,0.0
731,0.0
732,0.3333333333333333
733,0.2857142857142857
734,0.21428571428571427
735,0.25806451612903225
736,0.0
737,0.0
738,0.0
739,0.2
740,0.21875
741,0.4222222222222222
742,0.0
743,0.0
744,0.0
745,0.28125
746,0.38235294117647056
747,0.39473684210526316
748,0.21212121212121213
749,0.21428571428571427
750,0.2647058823529412
751,0.0
754,0.375
755,0.2972972972972973
756,0.36363636363636365
757,0.25925925925925924
758,0.3548387096774194
759,0.20588235294117646
760,0.10344827586206896
761,0.27906976744186046
762,0.21875
763,0.3
764,0.30303030303030304
765,0.25
766,0.1935483870967742
767,0.43902439024390244
768,0.28125
769,0.3333333333333333
770,0.3235294117647059
771,0.24242424242424243
772,0.0
773,0.0
774,0.0
775,0.1935483870967742
776,0.32432432432432434
777,0.25806451612903225
778,0.3611111111111111
779,0.3103448275862069
780,0.18181818181818182
781,0.0
782,0.0
783,0.0
784,0.0
785,0.0
786,0.0
787,0.4444444444444444
788,0.1935483870967742
789,0.3333333333333333
790,0.3055555555555556
791,0.0
792,0.0
793,0.0
794,0.0
795,0.0
796,0.0
797,0.0
798,0.0
799,0.0
800,0.0
801,0.0
802,0.0
803,0.0
804,0.28125
805,0.42857142857142855
806,0.42424242424242425
807,0.3235294117647059
808,0.3333333333333333
809,0.30303030303030304
810,0.0
811,0.0
812,0.0
813,0.0
814,0.0
815,0.0
816,0.0
817,0.21212121212121213
818,0.2777777777777778
819,0.1935483870967742
820,0.0
821,0.0
822,0.0
823,0.0
824,0.0
825,0.0
826,0.0
827,0.25
828,0.16666666666666666
829,0.20588235294117646
830,0.3333333333333333
831,0.18518518518518517
832,0.3333333333333333
833,0.0
834,0.0
835,0.0
836,0.2413793103448276
837,0.13793103448275862
838,0.13793103448275862
839,0.23333333333333334
840,0.13333333333333333
841,0.36585365853658536
842,0.3055555555555556
843,0.2
844,0.25806451612903225
845,0.25925925925925924
846,0.24242424242424243
847,0.1724137931034483
848,0.36363636363636365
849,0.2727272727272727
850,0.1875
851,0.0
852,0.0
853,0.0
854,0.0
855,0.0
856,0.0
857,0.10344827586206896
858,0.21212121212121213
859,0.13793103448275862
860,0.2857142857142857
861,0.39285714285714285
862,0.3888888888888889
863,0.0
864,0.0
865,0.0
866,0.34210526315789475
867,0.30303030303030304
868,0.25
869,0.35294117647058826
870,0.23529411764705882
871,0.30952380952380953
872,0.0
873,0.0
874,0.0
875,0.2972972972972973
876,0.3235294117647059
877,0.10344827586206896
878,0.34210526315789475
879,0.16666666666666666
880,0.375
881,0.16666666666666666
882,0.48484848484848486
883,0.375
884,0.3103448275862069
885,0.4166666666666667
886,0.14285714285714285
887,0.1875
888,0.0
889,0.0
890,0.0
891,0.2903225806451613
892,0.1935483870967742
893,0.2727272727272727
894,0.0
895,0.0
896,0.0
897,0.38235294117647056
898,0.2777777777777778
899,0.15625
900,0.0
901,0.0
902,0.0
903,0.4117647058823529
904,0.3225806451612903
905,0.3103448275862069
906,0.0
907,0.0
908,0.0
909,0.1875
910,0.27586206896551724
911,0.3225806451612903
912,0.3125
913,0.26666666666666666
914,0.25
915,0.2571428571428571
916,0.21212121212121213
917,0.2413793103448276
918,0.20689655172413793
919,0.21212121212121213
920,0.18421052631578946
921,0.18518518518518517
922,0.3125
923,0.2571428571428571
924,0.3125
925,0.3103448275862069
926,0.23076923076923078
927,0.18518518518518517
928,0.3157894736842105
929,0.16129032258064516
930,0.1935483870967742
931,0.37209302325581395
932,0.2926829268292683
933,0.23529411764705882
934,0.0
935,0.0
936,0.0
937,0.40540540540540543
938,0.40625
939,0.22580645161290322
940,0.2972972972972973
941,0.16129032258064516
942,0.0
943,0.0
944,0.0
945,0.0
946,0.0
947,0.0
948,0.0
949,0.2777777777777778
950,0.2413793103448276
951,0.24242424242424243
952,0.0
953,0.0
954,0.0
955,0.0
956,0.0
957,0.0
958,0.0
959,0.1935483870967742
960,0.12903225806451613
961,0.13333333333333333
962,0.0
963,0.0
964,0.0
965,0.3611111111111111
966,0.4
967,0.4444444444444444
968,0.2727272727272727
969,0.0
970,0.0
971,0.0
972,0.14285714285714285
973,0.2647058823529412
974,0.2972972972972973
975,0.23529411764705882
976,0.16666666666666666
977,0.0
978,0.0
979,0.0
980,0.3225806451612903
981,0.1875
982,0.30303030303030304
983,0.24242424242424243
984,0.2
985,0.0
986,0.0
987,0.0
988,0.0
989,0.0
990,0.0
991,0.4074074074074074
992,0.1951219512195122
993,0.3684210526315789
994,0.3333333333333333
995,0.0
996,0.0
997,0.0
998,0.3333333333333333
999,0.2571428571428571
1000,0.2727272727272727
1001,0.13333333333333333
1002,0.13333333333333333
1003,0.29411764705882354
1004,0.35
1005,0.0
1006,0.0
1007,0.0
1008,0.0
1009,0.0
1010,0.0
1011,0.0
1012,0.0
1013,0.15789473684210525
1014,0.2894736842105263
1015,0.16666666666666666
1016,0.2571428571428571
1017,0.22580645161290322
1018,0.29411764705882354
1019,0.4
1020,0.3055555555555556
1021,0.3888888888888889
1022,0.2857142857142857
1023,0.35294117647058826
1024,0.0
1025,0.0
1026,0.0
1027,0.0
1028,0.4473684210526316
1029,0.26666666666666666
1030,0.2903225806451613
1031,0.1875
1032,0.3055555555555556
1033,0.1935483870967742
1034,0.2777777777777778
1035,0.22580645161290322
1036,0.07142857142857142
1037,0.3225806451612903
1038,0.41935483870967744
1039,0.23333333333333334
1040,0.0
1041,0.0
1042,0.0
1043,0.0
1044,0.0
1045,0.0
1046,0.0
1047,0.1
1048,0.21052631578947367
1049,0.2702702702702703
1050,0.0
1051,0.0
1052,0.0
1053,0.4
1054,0.4473684210526316
1055,0.2413793103448276
1056,0.2647058823529412
1057,0.35135135135135137
1058,0.20588235294117646
1059,0.0
1060,0.0
1061,0.0
1062,0.3333333333333333
1063,0.39473684210526316
1064,0.3888888888888889
1067,0.0
1068,0.0
1069,0.2727272727272727
1070,0.21212121212121213
1071,0.2857142857142857
1072,0.0
1075,0.0
1076,0.4
1077,0.19230769230769232
1078,0.2857142857142857
1079,0.3142857142857143
1080,0.2857142857142857
1081,0.1935483870967742
1082,0.0
1083,0.0
1084,0.0
1085,0.23333333333333334
1086,0.24242424242424243
1087,0.0
1088,0.0
1089,0.0
1090,0.0
1091,0.0
1092,0.0
1093,0.0
1094,0.19230769230769232
1095,0.40625
1096,0.2777777777777778
1097,0.0
1098,0.0
1099,0.0
1100,0.26666666666666666
1101,0.15625
1102,0.13793103448275862
1103,0.20588235294117646
1104,0.2222222222222222
1105,0.40540540540540543
1106,0.34375
1107,0.3157894736842105
1108,0.2777777777777778
1109,0.2727272727272727
1110,0.1724137931034483
1111,0.3157894736842105
1112,0.23529411764705882
1113,0.23333333333333334
1114,0.0
1115,0.0
1116,0.0
1117,0.2413793103448276
1118,0.20689655172413793
1119,0.21212121212121213
1120,0.0
1121,0.0
1122,0.0
1123,0.3611111111111111
1124,0.2
1125,0.3142857142857143
1126,0.29411764705882354
1127,0.22580645161290322
1128,0.26666666666666666
1129,0.0
1130,0.0
1131,0.0
1132,0.3548387096774194
1133,0.2777777777777778
1134,0.1951219512195122
1135,0.1
1136,0.2
1137,0.2413793103448276
1138,0.3333333333333333
1139,0.3125
1140,0.0
1141,0.0
1142,0.0
1143,0.0
1144,0.0
1145,0.0
1146,0.0
1147,0.2857142857142857
1148,0.2571428571428571
1149,0.20588235294117646
1150,0.0
1151,0.0
1152,0.0
1153,0.07142857142857142
1154,0.29411764705882354
1155,0.4
1156,0.07142857142857142
1157,0.11428571428571428
1158,0.2857142857142857
1159,0.34146341463414637
1160,0.12903225806451613
1161,0.14285714285714285
1162,0.28125
1163,0.0
1164,0.0
1165,0.0
1166,0.0
1167,0.0
1168,0.0
1169,0.0
1170,0.0
1171,0.0
1172,0.21875
1173,0.20588235294117646
1174,0.3333333333333333
1175,0.0
1176,0.0
1177,0.0
1178,0.3333333333333333
1179,0.16216216216216217
1180,0.23529411764705882
1181,0.2857142857142857
1182,0.2647058823529412
1183,0.16666666666666666
1184,0.3235294117647059
1185,0.1724137931034483
1186,0.30303030303030304
1187,0.0
1188,0.0
1189,0.0
1190,0.0
1193,0.0
1194,0.0
1195,0.34375
1196,0.24242424242424243
1197,0.21212121212121213
1198,0.12903225806451613
1199,0.0
1200,0.0
1201,0.0
1202,0.0
1203,0.0
1204,0.0
1205,0.07142857142857142
1206,0.2647058823529412
1207,0.2571428571428571
1210,0.14285714285714285
1211,0.25
1212,0.34375
1213,0.3235294117647059
1214,0.24242424242424243
1215,0.4444444444444444
1216,0.0
1217,0.0
1218,0.0
1219,0.0
1220,0.0
1221,0.0
1222,0.0
1225,0.0
1226,0.13333333333333333
1227,0.3142857142857143
1228,0.1111111111111111
1229,0.0
1232,0.46875
1233,0.4166666666666667
1234,0.1951219512195122
1235,0.2727272727272727
1236,0.0
1237,0.0
1238,0.0
1239,0.0
1240,0.0
1241,0.0
1242,0.20833333333333334
1243,0.10344827586206896
1248,0.21212121212121213
1249,0.23684210526315788
1250,0.36363636363636365
1251,0.41025641025641024
1252,0.3333333333333333
1253,0.3142857142857143
1254,0.3103448275862069
1255,0.1724137931034483
1256,0.3125
1257,0.21875
1258,0.21212121212121213
1259,0.2413793103448276
1260,0.1935483870967742
1261,0.0
1262,0.0
1263,0.0
1264,0.2903225806451613
1265,0.2972972972972973
1266,0.3235294117647059
1267,0.3076923076923077
1268,0.13793103448275862
1269,0.15625
1270,0.1794871794871795
1271,0.23333333333333334
1272,0.13333333333333333
1273,0.17857142857142858
1274,0.4166666666666667
1275,0.375
1276,0.25
1277,0.23684210526315788
1278,0.2
1279,0.24
1280,0.0
1281,0.0
1282,0.0
1283,0.0
1284,0.0
1285,0.0
1286,0.2727272727272727
1287,0.13333333333333333
1288,0.24242424242424243
1289,0.3333333333333333
1290,0.2222222222222222
1291,0.3
1292,0.06896551724137931
1293,0.1935483870967742
1294,0.23529411764705882
1295,0.42105263157894735
1296,0.2647058823529412
1297,0.0
1298,0.0
1299,0.0
1300,0.0
1301,0.37142857142857144
1302,0.3125
1303,0.38235294117647056
1304,0.425
1305,0.36363636363636365
1306,0.3870967741935484
1307,0.16666666666666666
1308,0.16129032258064516
1309,0.0
1310,0.0
1311,0.0
1312,0.0
1313,0.0
1314,0.0
1315,0.0
1316,0.0
1317,0.0
1318,0.0
1319,0.2727272727272727
1322,0.21875
1323,0.1111111111111111
1324,0.2857142857142857
1325,0.1875
1326,0.2
1327,0.1935483870967742
1328,0.28125
1329,0.21428571428571427
1330,0.2857142857142857
1331,0.07142857142857142
1332,0.0
1333,0.0
1334,0.0
1335,0.3142857142857143
1336,0.2857142857142857
1337,0.27586206896551724
1338,0.2647058823529412
1339,0.21875
1340,0.14705882352941177
1341,0.0
1342,0.0
1343,0.0
1344,0.23076923076923078
1345,0.3333333333333333
1346,0.24324324324324326
1347,0.0
1348,0.0
1349,0.0
1350,0.0
1351,0.0
1352,0.0
1353,0.0
1354,0.0
1355,0.0
1356,0.20588235294117646
1357,0.25806451612903225
1358,0.3125
1359,0.3783783783783784
1360,0.22580645161290322
1361,0.29411764705882354
1362,0.3333333333333333
1363,0.34375
1364,0.2647058823529412
1365,0.32142857142857145
1366,0.2857142857142857
1367,0.3142857142857143
1370,0.2972972972972973
1371,0.1724137931034483
1372,0.1935483870967742
1373,0.35294117647058826
1374,0.1724137931034483
1375,0.3684210526315789
1376,0.19230769230769232
1377,0.34285714285714286
1378,0.0
1379,0.0
1380,0.0
1381,0.0
1382,0.0
1383,0.0
1384,0.0
1385,0.0
1386,0.0
1387,0.0
1388,0.0
1389,0.0
1390,0.0
1391,0.0
1392,0.0
1395,0.1935483870967742
1396,0.23333333333333334
1397,0.19444444444444445
1398,0.3611111111111111
1399,0.0
1402,0.0
1403,0.3225806451612903
1406,0.3611111111111111
1407,0.0967741935483871
1408,0.08823529411764706
1409,0.34285714285714286
1410,0.0
1411,0.0
1412,0.0
1413,0.0
1416,0.0
1417,0.2647058823529412
1418,0.3142857142857143
1419,0.3142857142857143
1420,0.0
1421,0.0
1422,0.0
1423,0.35135135135135137
1424,0.2
1425,0.32432432432432434
1426,0.17857142857142858
1427,0.03571428571428571
1428,0.32432432432432434
1429,0.34375
1430,0.3333333333333333
1431,0.29411764705882354
1432,0.0
1433,0.0
1434,0.0
1435,0.24242424242424243
1436,0.23529411764705882
1437,0.04
1438,0.0
1439,0.0
1440,0.0
1441,0.0
1442,0.0
1443,0.0
1444,0.0
1445,0.0
1446,0.4722222222222222
1447,0.2857142857142857
1448,0.32142857142857145
1449,0.20930232558139536
1450,0.21212121212121213
1451,0.3611111111111111
1452,0.16666666666666666
1453,0.0
1454,0.0
1455,0.21212121212121213
1456,0.22580645161290322
1457,0.3125
1458,0.23529411764705882
1459,0.0
1462,0.0
1463,0.0
1464,0.0
1465,0.0
1466,0.0
1467,0.5116279069767442
1468,0.35135135135135137
1469,0.3333333333333333
1470,0.0
1471,0.0
1472,0.0
1473,0.1935483870967742
1474,0.22580645161290322
1475,0.13793103448275862
1476,0.0
1477,0.0
1478,0.0
1479,0.3870967741935484
1480,0.2727272727272727
1481,0.1875
1482,0.3142857142857143
1483,0.15625
1484,0.21875
1485,0.3055555555555556
1486,0.21428571428571427
1487,0.07142857142857142
1488,0.21428571428571427
1491,0.1724137931034483
1492,0.2777777777777778
1493,0.2727272727272727
1494,0.0
1495,0.0
1496,0.0
1497,0.0
1498,0.0
1499,0.14814814814814814
1500,0.15625
1501,0.1875
1502,0.0
1503,0.0
1504,0.0
1505,0.0
1506,0.0
1507,0.0
1508,0.0
1509,0.0
1510,0.0
1511,0.0
1512,0.22580645161290322
1513,0.25806451612903225
1514,0.30303030303030304
1515,0.25
1516,0.25
1517,0.07142857142857142
1518,0.0
1519,0.0
1520,0.0
1521,0.0
1522,0.1935483870967742
1523,0.23333333333333334
1524,0.0
1525,0.0
1526,0.0
1527,0.0
1528,0.41935483870967744
1529,0.35294117647058826
1530,0.22580645161290322
1531,0.21875
1532,0.1935483870967742
1533,0.1
1534,0.3125
1535,0.2857142857142857
1536,0.18518518518518517
1537,0.21875
1538,0.14285714285714285
1539,0.2727272727272727
1540,0.21212121212121213
1541,0.2857142857142857
1542,0.24242424242424243
1543,0.21212121212121213
1544,0.0
1545,0.0
1546,0.0
1547,0.3103448275862069
1548,0.3225806451612903
1549,0.3548387096774194
1550,0.1724137931034483
1551,0.2727272727272727
1552,0.3888888888888889
1553,0.13333333333333333
1554,0.3333333333333333
1555,0.25
1556,0.3125
1557,0.24242424242424243
1558,0.2222222222222222
1559,0.3333333333333333
1560,0.13793103448275862
1561,0.38235294117647056
1562,0.23529411764705882
1563,0.34210526315789475
1564,0.2727272727272727
1565,0.22580645161290322
1566,0.2413793103448276
1567,0.13333333333333333
1568,0.40625
1569,0.23529411764705882
1570,0.4117647058823529
1571,0.39473684210526316
1572,0.0
1573,0.0
1574,0.0
1575,0.0
1576,0.0
1577,0.0
1578,0.0
1579,0.0
1580,0.0
1581,0.0
1582,0.0
1583,0.0
1584,0.0
1585,0.17142857142857143
1586,0.32432432432432434
1587,0.25
1588,0.20588235294117646
1589,0.22580645161290322
1590,0.18181818181818182
1591,0.3055555555555556
1592,0.2702702702702703
1593,0.24242424242424243
1594,0.1875
1595,0.38461538461538464
1596,0.22580645161290322
1597,0.2
1598,0.1111111111111111
1599,0.375
1600,0.3103448275862069
1601,0.3333333333333333
1602,0.18181818181818182
1603,0.3888888888888889
1604,0.1111111111111111
1605,0.23529411764705882
1606,0.0
1607,0.0
1608,0.0
1609,0.23333333333333334
1610,0.1935483870967742
1611,0.2
1612,0.2413793103448276
1613,0.07692307692307693
1614,0.2571428571428571
1615,0.1935483870967742
1616,0.2
1617,0.0
1618,0.0
1619,0.0
1620,0.3055555555555556
1621,0.32432432432432434
1622,0.20689655172413793
1623,0.0
1624,0.0
1625,0.0
1626,0.36585365853658536
1627,0.21212121212121213
1628,0.17857142857142858
1629,0.03571428571428571
1630,0.1875
1631,0.21212121212121213
1632,0.13793103448275862
1633,0.1875
1634,0.1
1635,0.16666666666666666
1636,0.0
1637,0.0
1638,0.0
1639,0.0
1640,0.0
1641,0.0
1642,0.0
1643,0.0
1644,0.0
1645,0.21875
1646,0.23529411764705882
1647,0.2571428571428571
1648,0.28125
1649,0.10344827586206896
1650,0.1724137931034483
1651,0.2972972972972973
1652,0.3333333333333333
1653,0.2647058823529412
1654,0.0
1655,0.0
1656,0.0
1657,0.0
1658,0.0
1659,0.0
1660,0.22580645161290322
1661,0.2903225806451613
1662,0.34375
1663,0.0
1666,0.0
1667,0.0
1668,0.0
1669,0.0
1670,0.2
1671,0.22857142857142856
1672,0.16666666666666666
1675,0.20588235294117646
1676,0.46153846153846156
1677,0.34210526315789475
1678,0.3055555555555556
1679,0.11428571428571428
1680,0.0
1681,0.0
1682,0.0
1683,0.0
1684,0.1
1685,0.2413793103448276
1686,0.3055555555555556
1687,0.0
1688,0.0
1689,0.0
1690,0.0
1691,0.0
1692,0.0
1693,0.4878048780487805
1694,0.21875
1695,0.06896551724137931
1696,0.15151515151515152
1697,0.23333333333333334
1698,0.3333333333333333
1699,0.10714285714285714
1702,0.0
1703,0.0
1704,0.0
1705,0.0
1706,0.24242424242424243
1707,0.23333333333333334
1708,0.24324324324324326
1709,0.12903225806451613
1710,0.16666666666666666
1711,0.3157894736842105
1712,0.03571428571428571
1713,0.22580645161290322
1714,0.0
1715,0.0
1716,0.0
1717,0.30303030303030304
1718,0.4
1719,0.23333333333333334
1720,0.0
1721,0.0
1722,0.0
1723,0.0
1724,0.0
1725,0.0
1726,0.23529411764705882
1727,0.2608695652173913
1728,0.28205128205128205
1729,0.28205128205128205
1730,0.2647058823529412
1731,0.21428571428571427
1732,0.25806451612903225
1733,0.2777777777777778
1734,0.3103448275862069
1735,0.22580645161290322
1736,0.2727272727272727
1737,0.18518518518518517
1738,0.2647058823529412
1739,0.1
1740,0.3611111111111111
1741,0.14285714285714285
1742,0.2857142857142857
1743,0.36363636363636365
1744,0.16129032258064516
1745,0.1935483870967742
1746,0.23333333333333334
1747,0.32432432432432434
1748,0.2727272727272727
1749,0.42105263157894735
1750,0.2647058823529412
1751,0.18181818181818182
1752,0.3142857142857143
1753,0.3333333333333333
1754,0.1875
1755,0.0
1756,0.0
1757,0.0
1758,0.2
1759,0.13333333333333333
1760,0.0
1761,0.0
1762,0.0
1763,0.35135135135135137
1764,0.21875
1765,0.24242424242424243
1766,0.2857142857142857
1767,0.0
1768,0.0
1769,0.0
1770,0.13793103448275862
1771,0.2857142857142857
1772,0.34285714285714286
1773,0.10714285714285714
1774,0.22857142857142856
1775,0.25
1776,0.29411764705882354
1777,0.0
1778,0.0
1779,0.0
1780,0.3409090909090909
1781,0.2413793103448276
1782,0.4883720930232558
1783,0.0
1786,0.0
1787,0.21875
1788,0.23529411764705882
1789,0.17647058823529413
1790,0.0
1791,0.0
1792,0.0
1793,0.3225806451612903
1794,0.21212121212121213
1795,0.22580645161290322
1796,0.3125
1797,0.3076923076923077
1798,0.42105263157894735
1799,0.0
1800,0.0
1801,0.0
1802,0.0
1803,0.0
1804,0.0
1805,0.0
1806,0.0
1807,0.0
1808,0.12903225806451613
1809,0.3333333333333333
1810,0.20689655172413793
1811,0.21428571428571427
1812,0.38235294117647056
1813,0.3
1814,0.3333333333333333
1815,0.30303030303030304
1816,0.3103448275862069
1817,0.2
1818,0.1935483870967742
1819,-1.0
1820,-1.0
1821,-1.0
1822,-1.0
1823,-1.0
1824,-1.0
1825,-1.0
1826,-1.0
1827,-1.0
1828,-1.0
1829,-1.0
1830,-1.0
1831,-1.0
1832,-1.0
1833,-1.0
1834,-1.0
1835,-1.0
1836,-1.0
1837,-1.0
1838,-1.0
1839,-1.0
1840,-1.0
1841,-1.0
